Data,Difference,95% LB,95% UB,99% LB,99% UB
Conversion rate,0.706982258,0.3485985309,1.065365985,0.2352322499,1.178732266
Amount spent,0.01634847796,-0.4386377192,0.4713346751,-0.5825619244,0.6152588803
