Data,Difference,95% LB,95% UB,99% LB,99% UB
Conversion rate,0.00706982258,0.003485985309,0.01065365985,0.002352322499,0.01178732266
Amount spent,0.01634847796,-0.4386377192,0.4713346751,-0.5825619244,0.6152588803
