Group,Mean,95% LB,95% UB,99% LB,99% UB
A,3.374518468,3.048704545,3.700332391,2.945640958,3.803395978
B,3.390866946,3.073285889,3.708448002,2.972826576,3.808907316
